input_product,recommended_product,confidence,lift,pagerank_score,sentiment_score,final_score
Mouse Chartreuse 292,Monitor DarkKhaki 939,0.0454545454545454,188.4431818181818,0.0,0.0,0.41363636363636364
Mouse Chartreuse 292,Conditioner Magenta 557,0.0454545454545454,19.327505827505828,0.0,0.0,0.05466200466200465
